{
	"articles": [
	{
	"id": "803",
	"title": "Elton John - Wonderful Crazy Night Tour 2017",
	"url": "http://www.marshall-arts.com/current-tours/elton-john-wonderful-crazy-night-2017.html",
    "date": "2016-09-09 15:11:00",
    "author": "Alex",
    "content": "<p>Pop icon Elton John announces Blackburn show at Ewood Park on 10th June 2017. His first ever show in Blackburn.</p><p>&nbsp;</p><p>TICKETS ON SALE FRIDAY 23RD SEPTEMBER AT 10AM</p><p>&nbsp;</p><p>2016 has been a vintage year for Elton John; he released his 33rd studio album Wonderful Crazy Night to rapturous applause, and wowed audiences across the UK with his epic live show, which culminated in a headline performance at Hyde Park in London for BBC Radio 2. Last weekend he also performed at the annual Apple Music Festival.</p><p>&nbsp;</p><p>It was no different at the Lincolnshire Showground, where The Lincolnshire Echo simply declared, &ldquo;when Sir Elton John came to Lincoln, Lincoln had one wonderful, crazy night&rdquo;. In Liverpool, the Echo observed, &ldquo;every song was note perfect, packed with the kind of energy that belies his years&rdquo;</p>",
    "tags": ["elton john","2017"],
	"image": "https://dummyimage.com/900x450&text=Elton%20John%20-%20Wonderful%20Crazy%20Night%20Tour%202017",
    "category": "Current Tours"
  },
  {
	"id": "799",
	"title": "Shawn Mendes - Illuminate World Tour",
	"url": "http://www.marshall-arts.com/current-tours/shawn-mendes-illuminate.html",
    "date": "2016-07-09 20:05:00",
    "author": "Newsdesk",
    "content": "Sed ut perspiciatis unde omnis iste natus error sit voluptatem accusantium doloremque laudantium, totam rem aperiam, eaque ipsa quae ab illo inventore veritatis et quasi architecto beatae vitae dicta sunt explicabo.",
    "tags": ["Shawn Mendes","2017"],
	"image": "https://dummyimage.com/900x450&text=Shawn%20Mendes%20-%20Illuminate%20World%20Tour",
    "category": "Current Tours"
  },
  {
	"id": "764",
	"title": "The Greasy Slicks - 2016",
	"url": "http://www.marshall-arts.com/current-tours/the-greasy-slicks-2016.html",
    "date": "2016-04-14 16:13:00",
    "author": "Newsdesk",
    "content": "Lorem ipsum dolor sit amet, consectetur adipiscing elit, sed do eiusmod tempor incididunt ut labore et dolore magna aliqua. Ut enim ad minim veniam, quis nostrud exercitation ullamco laboris nisi ut aliquip ex ea commodo consequat. Duis aute irure dolor in reprehenderit in voluptate velit esse cillum dolore eu fugiat nulla pariatur. Excepteur sint occaecat cupidatat non proident, sunt in culpa qui officia deserunt mollit anim id est laborum.",
    "tags": [],
	"image": "https://dummyimage.com/900x450&text=The%20Greasy%20Slicks%20-%202016",
    "category": "Current Tours"
  },
  {
	"id": "736",
	"title": "Lionel Richie - All The Hits",
	"url": "http://www.marshall-arts.com/current-tours/lionel-richie-all-the-hits.html",
    "date": "2015-11-25 19:06:00",
    "author": "Jordan",
    "content": "<p>As part of Yasalam 2016, Lionel Richie will be bringing All The Hits to Abu Dhabi&rsquo;s Yas Marina Circuit for the Saturday F1 after-race concert on the 26th November.</p><p>&nbsp;</p><p>Tickets are on sale now and available for purchase&nbsp;<a href=\"http://bit.ly/1XVOJwK\">here</a>.&nbsp;</p>",
    "tags": ["lionel richie","2016"],
	"image": "https://dummyimage.com/900x450&text=Lionel%20Richie%20-%20All%20The%20Hits",
    "category": "Current Tours"
  },
  {
	"id": "729",
	"title": "Elton John - Wonderful Crazy Night Tour 2016",
	"url": "http://www.marshall-arts.com/current-tours/elton-john-wonderful-crazy-night.html",
    "date": "2015-10-20 09:21:00",
    "author": "Newsdesk",
    "content": "<p>Concert-goers with tickets to see Elton John and his band performing outdoors this summer are encouraged to explore our information guides, filled with useful tips and details to ensure you have the best possible experience on the day of the concert.</p><p>&nbsp;</p><p>The guides also include maps of the local vicinity to each venue enabling you to plan your routes to and from the stadiums and details on where to park if travelling by car.</p><p>&nbsp;</p><p>A seating plan is included to help you locate your seat, and information includes what you can and cannot bring into each venue.</p><p>&nbsp;</p><p><strong>LINCOLNCSHIRE SHOW GROUND, LINCOLN - FRIDAY 10 JUNE</strong></p><p>&nbsp;</p>",
    "tags": ["elton john","2016"],
	"image": "https://dummyimage.com/900x450&text=Elton%20John%20-%20Wonderful%20Crazy%20Night%20Tour%202016",
    "category": "Current Tours"
  },
  {
	"id": "772",
	"title": "Tony Joe White - 2016",
	"url": "http://www.marshall-arts.com/current-tours/archived-tours/tony-joe-white-2016.html",
    "date": "2016-04-22 16:29:00",
    "author": "Newsdesk",
    "content": "Lorem ipsum dolor sit amet, consectetur adipiscing elit, sed do eiusmod tempor incididunt ut labore et dolore magna aliqua. Ut enim ad minim veniam, quis nostrud exercitation ullamco laboris nisi ut aliquip ex ea commodo consequat. Duis aute irure dolor in reprehenderit in voluptate velit esse cillum dolore eu fugiat nulla pariatur.",
    "tags": ["tony joe white","archived"],
	"image": "https://dummyimage.com/900x450&text=Elton%20John%20-%20Wonderful%20Crazy%20Night%20Tour%202016",
    "category": "Past Tours"
  },
  {
	"id": "758",
	"title": "Paul McCartney - One On One",
    "url": "http://www.marshall-arts.com/current-tours/archived-tours/paul-mccartney-one-on-one.html",
    "date": "2016-09-03 16:05:00",
    "author": "Alex",
    "content": "<p>Due to incredible demand for tickets to his October 4 opening show at the Golden 1 Center, Paul McCartney has added a second performance on Wednesday, October 5. The October 5 show will be Paul&rsquo;s only additional appearance in the area on his new One on One tour.</p><p>&nbsp;</p><p>&ldquo;What an amazing response to an historic event for Sacramento,&rdquo; said Kings President Chris Granger. &ldquo;We&rsquo;re honored to have Paul play back-to-back shows and launch Golden 1 Center in true rock and roll fashion.&rdquo;</p><p>&nbsp;</p><p>At this time, all pre-sales for the first show on Tuesday, October 4 have been exhausted. General public tickets for show one will open at 10 a.m. on Friday, May 6. Show two will also go on sale at 10 a.m. on Friday, May 6.&nbsp;</p><p>&nbsp;</p><p>PAUL McCARTNEY</p><p>ONE ON ONE<br />North American Dates 2016</p><p>&nbsp;</p><p>May 5 -- Minneapolis, MN -- Target Center<br />July 8 -- Milwaukee, WI -- SummerFest<br />July 10 -- Cincinnati, OH -- US Bank Arena<br />July 12 -- Philadelphia, PA -- Citizens Bank Park<br />July 17 &ndash; Boston, MA &mdash; Fenway Park<br />July 19 -- Hershey, PA -- Hersheypark Stadium<br />July 21 -- Hamilton, ONT -- FirstOntario Centre<br />August 7 -- East Rutherford, NJ -- MetLife Stadium<br />August 9 &ndash; Washington D.C. &ndash; Verizon Center<br />August 10 &ndash; Washington D.C. &ndash; Verizon Center<br />August 13 -- St. Louis, MO -- Busch Stadium<br />August 15 &ndash; Grand Rapids, MI &mdash; Van Andel Arena<br />August 17 &ndash; Cleveland, OH &ndash; Quicken Loans Arena<br />August 18 &ndash; Cleveland, OH &ndash; Quicken Loans Arena<br />October 4 -- Sacramento, CA -- Golden 1 Center<br />October 5 -- Sacramento, CA -- Golden 1 Center<br />October 8 &mdash; Indio, CA &mdash; Desert Trip</p>",
    "tags": ["paul mccartney","2016"],
    "image": "https://dummyimage.com/900x450&text=Paul%20McCartney%20-%20One%20On%20One",
    "category": "Past Tours"
  },
  {
	"id": "733",
	"title": "James McCartney - London residency",
    "url": "http://www.marshall-arts.com/current-tours/archived-tours/james-mccartney-london-residency.html",
    "date": "2015-05-11 09:05:00",
    "author": "Alex",
    "content": "Lorem ipsum dolor sit amet, consectetur adipiscing elit, sed do eiusmod tempor incididunt ut labore et dolore magna aliqua. Ut enim ad minim veniam, quis nostrud exercitation ullamco laboris nisi ut aliquip ex ea commodo consequat. Duis aute irure dolor in reprehenderit in voluptate velit esse cillum dolore eu fugiat nulla pariatur.",
    "tags": ["James McCartney","2015"],
    "image": "https://dummyimage.com/900x450&text=James%20McCartney%20-%20London%20residency",
    "category": "Past Tours"
  },
  {
  	"id": "702",
	"title": "Caravan Palace",
    "url": "http://www.marshall-arts.com/current-tours/archived-tours/caravan-palace.html",
    "date": "2015-02-15 17:19:00",
    "author": "Newsdesk",
    "content": "Nemo enim ipsam voluptatem quia voluptas sit aspernatur aut odit aut fugit, sed quia consequuntur magni dolores eos qui ratione voluptatem sequi nesciunt. Neque porro quisquam est, qui dolorem ipsum quia dolor sit amet, consectetur, adipisci velit, sed quia non numquam eius modi tempora incidunt ut labore et dolore magnam aliquam quaerat voluptatem.",
    "tags": [],
    "image": "https://dummyimage.com/900x450&text=Caravan%20Palace",
    "category": "Past Tours"
  },
  {
  	"id": "691",
	"title": "Hunter Hayes - Let us Be Crazy UK Tour",
    "url": "http://www.marshall-arts.com/current-tours/archived-tours/hunter-hayes-lets-be-crazy-uk-tour.html",
    "date": "2015-03-23 10:56:00",
    "author": "Newsdesk",
    "content": "Sed ut perspiciatis unde omnis iste natus error sit voluptatem accusantium doloremque laudantium, totam rem aperiam, eaque ipsa quae ab illo inventore veritatis et quasi architecto beatae vitae dicta sunt explicabo. Nemo enim ipsam voluptatem quia voluptas sit aspernatur aut odit aut fugit, sed quia consequuntur magni dolores eos qui ratione voluptatem sequi nesciunt. Neque porro quisquam est, qui dolorem ipsum quia dolor sit amet, consectetur, adipisci velit, sed quia non numquam eius modi tempora incidunt ut labore et dolore magnam aliquam quaerat voluptatem.",
    "tags": [],
    "image": "https://dummyimage.com/900x450&text=Hunter%20Hayes%20-%20Let%20us%20Be%20Crazy%20UK%20Tour",
    "category": "Past Tours"
  },
  {
  	"id": "684",  	
	"title": "Paul McCartney - Out There Tour 2015",
    "url": "http://www.marshall-arts.com/current-tours/archived-tours/paul-mccartney-out-there-tour-2015.html",
    "date": "2015-05-03 18:48:00",
    "author": "Jordan",
    "content": "Lorem ipsum dolor sit amet, consectetur adipiscing elit, sed do eiusmod tempor incididunt ut labore et dolore magna aliqua. Ut enim ad minim veniam, quis nostrud exercitation ullamco laboris nisi ut aliquip ex ea commodo consequat. Duis aute irure dolor in reprehenderit in voluptate velit esse cillum dolore eu fugiat nulla pariatur. Excepteur sint occaecat cupidatat non proident, sunt in culpa qui officia deserunt mollit anim id est laborum.",
    "tags": ["paul mccartney","2015"],
    "image": "https://dummyimage.com/900x450&text=Paul%20McCartney%20-%20Out%20There%20Tour%202015",
    "category": "Past Tours"
  },
  {
  	"id": "664",
	"title": "Lionel Richie - Live in Europe - Summer 2015",
    "url": "http://www.marshall-arts.com/current-tours/archived-tours/lionel-richie-live-in-europe-summer-2015.html",
    "date": "2014-12-19 10:55:00",
    "author": "Alex",
    "content": "<p>As he begins his Las Vegas All The Hits residency, Lionel Richie sat down with Ross King for Good Morning Britain at The Axis at Planet Hollywood to talk about his tour and legacy as a musician. Watch the video below.</p><p>&nbsp;</p><p><strong>See Lionel across the UK on his All The Hits tour, beginning at the Eden Project on June 14th. Tickets and details <a href=\"current-tours/lionel-richie-all-the-hits.html\">here</a>.<br /></strong></p>",
    "tags": ["lionel richie","2015"],
    "image": "https://dummyimage.com/900x450&text=Lionel%20Richie%20-%20Live%20in%20Europe%20-%20Summer%202015",
    "category": "Past Tours"
  }
]
}